Alcalá,Alcorcón,Aranjuez,Arganda,Carabaña,Cercedilla,Coslada,Getafe,Griñón,Leganes
386,271,132,114,5,12,97,298,14,309
2357,1631,877,871,30,77,771,2112,97,2110
3852,2894,1219,1284,52,98,1452,3159,171,3317
56,50,65,22,6,5,19,40,5,61
921,555,242,479,18,33,415,726,23,755
386,271,132,114,5,12,97,298,14,309
2357,1631,877,871,30,77,771,2112,97,2110
3852,2894,1219,1284,52,98,1452,3159,171,3317
56,50,65,22,6,5,19,40,5,61
921,555,242,479,18,33,415,726,23,755
386,271,132,114,5,12,97,298,14,309
2357,1631,877,871,30,77,771,2112,97,2110
3852,2894,1219,1284,52,98,1452,3159,171,3317
56,50,65,22,6,5,19,40,5,61
921,555,242,479,18,33,415,726,23,755
386,271,132,114,5,12,97,298,14,309
2357,1631,877,871,30,77,771,2112,97,2110
3852,2894,1219,1284,52,98,1452,3159,171,3317
56,50,65,22,6,5,19,40,5,61
921,555,242,479,18,33,415,726,23,755
386,271,132,114,5,12,97,298,14,309
2357,1631,877,871,30,77,771,2112,97,2110
3852,2894,1219,1284,52,98,1452,3159,171,3317
56,50,65,22,6,5,19,40,5,61
921,555,242,479,18,33,415,726,23,755
386,271,132,114,5,12,97,298,14,309
2357,1631,877,871,30,77,771,2112,97,2110
3852,2894,1219,1284,52,98,1452,3159,171,3317
56,50,65,22,6,5,19,40,5,61
921,555,242,479,18,33,415,726,23,755
386,271,132,114,5,12,97,298,14,309
2357,1631,877,871,30,77,771,2112,97,2110
3852,2894,1219,1284,52,98,1452,3159,171,3317
56,50,65,22,6,5,19,40,5,61
921,555,242,479,18,33,415,726,23,755
386,271,132,114,5,12,97,298,14,309
2357,1631,877,871,30,77,771,2112,97,2110
3852,2894,1219,1284,52,98,1452,3159,171,3317
56,50,65,22,6,5,19,40,5,61
921,555,242,479,18,33,415,726,23,755
56,50,65,22,6,5,19,40,5,61
921,555,242,479,18,33,415,726,23,755
386,271,132,114,5,12,97,298,14,309
2357,1631,877,871,30,77,771,2112,97,2110
3852,2894,1219,1284,52,98,1452,3159,171,3317
56,50,65,22,6,5,19,40,5,61
921,555,242,479,18,33,415,726,23,755
386,271,132,114,5,12,97,298,14,309
2357,1631,877,871,30,77,771,2112,97,2110
3852,2894,1219,1284,52,98,1452,3159,171,3317
56,50,65,22,6,5,19,40,5,61
921,555,242,479,18,33,415,726,23,755
386,271,132,114,5,12,97,298,14,309
2357,1631,877,871,30,77,771,2112,97,2110
3852,2894,1219,1284,52,98,1452,3159,171,3317
56,50,65,22,6,5,19,40,5,61
921,555,242,479,18,33,415,726,23,755
386,271,132,114,5,12,97,298,14,309
2357,1631,877,871,30,77,771,2112,97,2110
3852,2894,1219,1284,52,98,1452,3159,171,3317
56,50,65,22,6,5,19,40,5,61
921,555,242,479,18,33,415,726,23,755
386,271,132,114,5,12,97,298,14,309
2357,1631,877,871,30,77,771,2112,97,2110
3852,2894,1219,1284,52,98,1452,3159,171,3317
56,50,65,22,6,5,19,40,5,61
921,555,242,479,18,33,415,726,23,755
386,271,132,114,5,12,97,298,14,309
56,50,65,22,6,5,19,40,5,61
921,555,242,479,18,33,415,726,23,755
386,271,132,114,5,12,97,298,14,309
2357,1631,877,871,30,77,771,2112,97,2110
3852,2894,1219,1284,52,98,1452,3159,171,3317
56,50,65,22,6,5,19,40,5,61
921,555,242,479,18,33,415,726,23,755
386,271,132,114,5,12,97,298,14,309
2357,1631,877,871,30,77,771,2112,97,2110
3852,2894,1219,1284,52,98,1452,3159,171,3317
56,50,65,22,6,5,19,40,5,61
921,555,242,479,18,33,415,726,23,755
386,271,132,114,5,12,97,298,14,309
2357,1631,877,871,30,77,771,2112,97,2110
3852,2894,1219,1284,52,98,1452,3159,171,3317
56,50,65,22,6,5,19,40,5,61
921,555,242,479,18,33,415,726,23,755
386,271,132,114,5,12,97,298,14,309
2357,1631,877,871,30,77,771,2112,97,2110
3852,2894,1219,1284,52,98,1452,3159,171,3317
56,50,65,22,6,5,19,40,5,61
921,555,242,479,18,33,415,726,23,755
386,271,132,114,5,12,97,298,14,309
2357,1631,877,871,30,77,771,2112,97,2110
3852,2894,1219,1284,52,98,1452,3159,171,3317
56,50,65,22,6,5,19,40,5,61
921,555,242,479,18,33,415,726,23,755
386,271,132,114,5,12,97,298,14,309
56,50,65,22,6,5,19,40,5,61
921,555,242,479,18,33,415,726,23,755
386,271,132,114,5,12,97,298,14,309
2357,1631,877,871,30,77,771,2112,97,2110
3852,2894,1219,1284,52,98,1452,3159,171,3317
56,50,65,22,6,5,19,40,5,61
921,555,242,479,18,33,415,726,23,755
386,271,132,114,5,12,97,298,14,309
2357,1631,877,871,30,77,771,2112,97,2110
3852,2894,1219,1284,52,98,1452,3159,171,3317
56,50,65,22,6,5,19,40,5,61
921,555,242,479,18,33,415,726,23,755
386,271,132,114,5,12,97,298,14,309
2357,1631,877,871,30,77,771,2112,97,2110
3852,2894,1219,1284,52,98,1452,3159,171,3317
56,50,65,22,6,5,19,40,5,61
921,555,242,479,18,33,415,726,23,755
386,271,132,114,5,12,97,298,14,309
2357,1631,877,871,30,77,771,2112,97,2110
3852,2894,1219,1284,52,98,1452,3159,171,3317
56,50,65,22,6,5,19,40,5,61
921,555,242,479,18,33,415,726,23,755
386,271,132,114,5,12,97,298,14,309
2357,1631,877,871,30,77,771,2112,97,2110
3852,2894,1219,1284,52,98,1452,3159,171,3317
56,50,65,22,6,5,19,40,5,61
921,555,242,479,18,33,415,726,23,755
386,271,132,114,5,12,97,298,14,309
56,50,65,22,6,5,19,40,5,61
921,555,242,479,18,33,415,726,23,755
386,271,132,114,5,12,97,298,14,309
2357,1631,877,871,30,77,771,2112,97,2110
3852,2894,1219,1284,52,98,1452,3159,171,3317
56,50,65,22,6,5,19,40,5,61
921,555,242,479,18,33,415,726,23,755
386,271,132,114,5,12,97,298,14,309
2357,1631,877,871,30,77,771,2112,97,2110
3852,2894,1219,1284,52,98,1452,3159,171,3317
56,50,65,22,6,5,19,40,5,61
921,555,242,479,18,33,415,726,23,755
386,271,132,114,5,12,97,298,14,309
2357,1631,877,871,30,77,771,2112,97,2110
3852,2894,1219,1284,52,98,1452,3159,171,3317
56,50,65,22,6,5,19,40,5,61
921,555,242,479,18,33,415,726,23,755
386,271,132,114,5,12,97,298,14,309
2357,1631,877,871,30,77,771,2112,97,2110
3852,2894,1219,1284,52,98,1452,3159,171,3317
56,50,65,22,6,5,19,40,5,61
921,555,242,479,18,33,415,726,23,755
386,271,132,114,5,12,97,298,14,309
2357,1631,877,871,30,77,771,2112,97,2110
3852,2894,1219,1284,52,98,1452,3159,171,3317
56,50,65,22,6,5,19,40,5,61
921,555,242,479,18,33,415,726,23,755
386,271,132,114,5,12,97,298,14,309
56,50,65,22,6,5,19,40,5,61
921,555,242,479,18,33,415,726,23,755
386,271,132,114,5,12,97,298,14,309
2357,1631,877,871,30,77,771,2112,97,2110
3852,2894,1219,1284,52,98,1452,3159,171,3317
56,50,65,22,6,5,19,40,5,61
921,555,242,479,18,33,415,726,23,755
386,271,132,114,5,12,97,298,14,309
2357,1631,877,871,30,77,771,2112,97,2110
3852,2894,1219,1284,52,98,1452,3159,171,3317
56,50,65,22,6,5,19,40,5,61
921,555,242,479,18,33,415,726,23,755
386,271,132,114,5,12,97,298,14,309
2357,1631,877,871,30,77,771,2112,97,2110
3852,2894,1219,1284,52,98,1452,3159,171,3317
56,50,65,22,6,5,19,40,5,61
921,555,242,479,18,33,415,726,23,755
386,271,132,114,5,12,97,298,14,309
2357,1631,877,871,30,77,771,2112,97,2110
3852,2894,1219,1284,52,98,1452,3159,171,3317
56,50,65,22,6,5,19,40,5,61
921,555,242,479,18,33,415,726,23,755
386,271,132,114,5,12,97,298,14,309
2357,1631,877,871,30,77,771,2112,97,2110
3852,2894,1219,1284,52,98,1452,3159,171,3317
56,50,65,22,6,5,19,40,5,61
921,555,242,479,18,33,415,726,23,755
386,271,132,114,5,12,97,298,14,309
56,50,65,22,6,5,19,40,5,61
921,555,242,479,18,33,415,726,23,755
386,271,132,114,5,12,97,298,14,309
2357,1631,877,871,30,77,771,2112,97,2110
3852,2894,1219,1284,52,98,1452,3159,171,3317
56,50,65,22,6,5,19,40,5,61
921,555,242,479,18,33,415,726,23,755
386,271,132,114,5,12,97,298,14,309
2357,1631,877,871,30,77,771,2112,97,2110
3852,2894,1219,1284,52,98,1452,3159,171,3317
56,50,65,22,6,5,19,40,5,61
921,555,242,479,18,33,415,726,23,755
386,271,132,114,5,12,97,298,14,309
2357,1631,877,871,30,77,771,2112,97,2110
3852,2894,1219,1284,52,98,1452,3159,171,3317
56,50,65,22,6,5,19,40,5,61
921,555,242,479,18,33,415,726,23,755
386,271,132,114,5,12,97,298,14,309
2357,1631,877,871,30,77,771,2112,97,2110
3852,2894,1219,1284,52,98,1452,3159,171,3317
56,50,65,22,6,5,19,40,5,61
921,555,242,479,18,33,415,726,23,755
386,271,132,114,5,12,97,298,14,309
2357,1631,877,871,30,77,771,2112,97,2110
3852,2894,1219,1284,52,98,1452,3159,171,3317
56,50,65,22,6,5,19,40,5,61
921,555,242,479,18,33,415,726,23,755
386,271,132,114,5,12,97,298,14,309
2357,1631,877,871,30,77,771,2112,97,2110
3852,2894,1219,1284,52,98,1452,3159,171,3317
56,50,65,22,6,5,19,40,5,61
921,555,242,479,18,33,415,726,23,755
386,271,132,114,5,12,97,298,14,309
56,50,65,22,6,5,19,40,5,61
921,555,242,479,18,33,415,726,23,755
386,271,132,114,5,12,97,298,14,309
2357,1631,877,871,30,77,771,2112,97,2110
3852,2894,1219,1284,52,98,1452,3159,171,3317
56,50,65,22,6,5,19,40,5,61
921,555,242,479,18,33,415,726,23,755
386,271,132,114,5,12,97,298,14,309
2357,1631,877,871,30,77,771,2112,97,2110
3852,2894,1219,1284,52,98,1452,3159,171,3317
56,50,65,22,6,5,19,40,5,61
921,555,242,479,18,33,415,726,23,755
386,271,132,114,5,12,97,298,14,309
2357,1631,877,871,30,77,771,2112,97,2110
3852,2894,1219,1284,52,98,1452,3159,171,3317
56,50,65,22,6,5,19,40,5,61
921,555,242,479,18,33,415,726,23,755
386,271,132,114,5,12,97,298,14,309
2357,1631,877,871,30,77,771,2112,97,2110
3852,2894,1219,1284,52,98,1452,3159,171,3317
56,50,65,22,6,5,19,40,5,61
921,555,242,479,18,33,415,726,23,755
386,271,132,114,5,12,97,298,14,309
2357,1631,877,871,30,77,771,2112,97,2110
3852,2894,1219,1284,52,98,1452,3159,171,3317
56,50,65,22,6,5,19,40,5,61
921,555,242,479,18,33,415,726,23,755
386,271,132,114,5,12,97,298,14,309
2357,1631,877,871,30,77,771,2112,97,2110
3852,2894,1219,1284,52,98,1452,3159,171,3317
56,50,65,22,6,5,19,40,5,61
921,555,242,479,18,33,415,726,23,755
386,271,132,114,5,12,97,298,14,309
56,50,65,22,6,5,19,40,5,61
921,555,242,479,18,33,415,726,23,755
386,271,132,114,5,12,97,298,14,309
2357,1631,877,871,30,77,771,2112,97,2110
3852,2894,1219,1284,52,98,1452,3159,171,3317
56,50,65,22,6,5,19,40,5,61
921,555,242,479,18,33,415,726,23,755
386,271,132,114,5,12,97,298,14,309
2357,1631,877,871,30,77,771,2112,97,2110
3852,2894,1219,1284,52,98,1452,3159,171,3317
56,50,65,22,6,5,19,40,5,61
921,555,242,479,18,33,415,726,23,755
386,271,132,114,5,12,97,298,14,309
2357,1631,877,871,30,77,771,2112,97,2110
3852,2894,1219,1284,52,98,1452,3159,171,3317
56,50,65,22,6,5,19,40,5,61
921,555,242,479,18,33,415,726,23,755
386,271,132,114,5,12,97,298,14,309
2357,1631,877,871,30,77,771,2112,97,2110
3852,2894,1219,1284,52,98,1452,3159,171,3317
56,50,65,22,6,5,19,40,5,61
921,555,242,479,18,33,415,726,23,755
386,271,132,114,5,12,97,298,14,309
2357,1631,877,871,30,77,771,2112,97,2110
3852,2894,1219,1284,52,98,1452,3159,171,3317
56,50,65,22,6,5,19,40,5,61
921,555,242,479,18,33,415,726,23,755
386,271,132,114,5,12,97,298,14,309
2357,1631,877,871,30,77,771,2112,97,2110
3852,2894,1219,1284,52,98,1452,3159,171,3317
56,50,65,22,6,5,19,40,5,61
921,555,242,479,18,33,415,726,23,755
386,271,132,114,5,12,97,298,14,309
56,50,65,22,6,5,19,40,5,61
921,555,242,479,18,33,415,726,23,755
386,271,132,114,5,12,97,298,14,309
2357,1631,877,871,30,77,771,2112,97,2110
3852,2894,1219,1284,52,98,1452,3159,171,3317
56,50,65,22,6,5,19,40,5,61
921,555,242,479,18,33,415,726,23,755
386,271,132,114,5,12,97,298,14,309
2357,1631,877,871,30,77,771,2112,97,2110
3852,2894,1219,1284,52,98,1452,3159,171,3317
56,50,65,22,6,5,19,40,5,61
921,555,242,479,18,33,415,726,23,755
386,271,132,114,5,12,97,298,14,309
2357,1631,877,871,30,77,771,2112,97,2110
3852,2894,1219,1284,52,98,1452,3159,171,3317
56,50,65,22,6,5,19,40,5,61
921,555,242,479,18,33,415,726,23,755
386,271,132,114,5,12,97,298,14,309
2357,1631,877,871,30,77,771,2112,97,2110
3852,2894,1219,1284,52,98,1452,3159,171,3317
56,50,65,22,6,5,19,40,5,61
921,555,242,479,18,33,415,726,23,755
386,271,132,114,5,12,97,298,14,309
2357,1631,877,871,30,77,771,2112,97,2110
3852,2894,1219,1284,52,98,1452,3159,171,3317
56,50,65,22,6,5,19,40,5,61
921,555,242,479,18,33,415,726,23,755
386,271,132,114,5,12,97,298,14,309
2357,1631,877,871,30,77,771,2112,97,2110
3852,2894,1219,1284,52,98,1452,3159,171,3317
56,50,65,22,6,5,19,40,5,61
921,555,242,479,18,33,415,726,23,755
386,271,132,114,5,12,97,298,14,309
56,50,65,22,6,5,19,40,5,61
921,555,242,479,18,33,415,726,23,755
386,271,132,114,5,12,97,298,14,309
2357,1631,877,871,30,77,771,2112,97,2110
3852,2894,1219,1284,52,98,1452,3159,171,3317
56,50,65,22,6,5,19,40,5,61
921,555,242,479,18,33,415,726,23,755
386,271,132,114,5,12,97,298,14,309
2357,1631,877,871,30,77,771,2112,97,2110
3852,2894,1219,1284,52,98,1452,3159,171,3317
56,50,65,22,6,5,19,40,5,61
921,555,242,479,18,33,415,726,23,755
386,271,132,114,5,12,97,298,14,309
2357,1631,877,871,30,77,771,2112,97,2110
3852,2894,1219,1284,52,98,1452,3159,171,3317
56,50,65,22,6,5,19,40,5,61
921,555,242,479,18,33,415,726,23,755
386,271,132,114,5,12,97,298,14,309
2357,1631,877,871,30,77,771,2112,97,2110
3852,2894,1219,1284,52,98,1452,3159,171,3317
56,50,65,22,6,5,19,40,5,61
921,555,242,479,18,33,415,726,23,755
386,271,132,114,5,12,97,298,14,309
2357,1631,877,871,30,77,771,2112,97,2110
3852,2894,1219,1284,52,98,1452,3159,171,3317
56,50,65,22,6,5,19,40,5,61
921,555,242,479,18,33,415,726,23,755
386,271,132,114,5,12,97,298,14,309
2357,1631,877,871,30,77,771,2112,97,2110
3852,2894,1219,1284,52,98,1452,3159,171,3317
56,50,65,22,6,5,19,40,5,61
921,555,242,479,18,33,415,726,23,755
386,271,132,114,5,12,97,298,14,309
56,50,65,22,6,5,19,40,5,61
921,555,242,479,18,33,415,726,23,755
386,271,132,114,5,12,97,298,14,309
2357,1631,877,871,30,77,771,2112,97,2110
3852,2894,1219,1284,52,98,1452,3159,171,3317
56,50,65,22,6,5,19,40,5,61
921,555,242,479,18,33,415,726,23,755
386,271,132,114,5,12,97,298,14,309
2357,1631,877,871,30,77,771,2112,97,2110
3852,2894,1219,1284,52,98,1452,3159,171,3317
56,50,65,22,6,5,19,40,5,61
921,555,242,479,18,33,415,726,23,755
386,271,132,114,5,12,97,298,14,309
2357,1631,877,871,30,77,771,2112,97,2110
3852,2894,1219,1284,52,98,1452,3159,171,3317
56,50,65,22,6,5,19,40,5,61
921,555,242,479,18,33,415,726,23,755
386,271,132,114,5,12,97,298,14,309
2357,1631,877,871,30,77,771,2112,97,2110
3852,2894,1219,1284,52,98,1452,3159,171,3317
56,50,65,22,6,5,19,40,5,61
921,555,242,479,18,33,415,726,23,755
386,271,132,114,5,12,97,298,14,309
2357,1631,877,871,30,77,771,2112,97,2110
3852,2894,1219,1284,52,98,1452,3159,171,3317
56,50,65,22,6,5,19,40,5,61
921,555,242,479,18,33,415,726,23,755
386,271,132,114,5,12,97,298,14,309
